{
  "IcoMoonType": "selection",
  "icons": [
    {
      "icon": {
        "paths": [
          "M1194.667 0h-1024c-70.4 0-127.36 57.6-127.36 128l-0.64 768c0 70.4 57.6 128 128 128h1024c70.4 0 128-57.6 128-128v-768c0-70.4-57.6-128-128-128zM1169.067 272l-452.48 282.88c-20.48 12.8-47.36 12.8-67.84 0l-452.48-282.88c-16-10.24-25.6-27.52-25.6-46.080 0-42.88 46.72-68.48 83.2-46.080l428.8 268.16 428.8-268.16c36.48-22.4 83.2 3.2 83.2 46.080 0 18.56-9.6 35.84-25.6 46.080z"
        ],
        "attrs": [
          {}
        ],
        "width": 1365,
        "isMulticolor": false,
        "isMulticolor2": false,
        "grid": 0,
        "tags": [
          "Vector (6)"
        ]
      },
      "attrs": [
        {}
      ],
      "properties": {
        "order": 46,
        "id": 1,
        "name": "Email",
        "prevSize": 32
      },
      "setIdx": 0,
      "setId": 12,
      "iconIdx": 0
    },
    {
      "icon": {
        "paths": [
          "M512 512c141.44 0 256-114.56 256-256s-114.56-256-256-256c-141.44 0-256 114.56-256 256s114.56 256 256 256zM512 640c-170.88 0-512 85.76-512 256v64c0 35.2 28.8 64 64 64h896c35.2 0 64-28.8 64-64v-64c0-170.24-341.12-256-512-256z"
        ],
        "attrs": [
          {
            "fill": "rgb(77, 90, 229)"
          }
        ],
        "isMulticolor": false,
        "isMulticolor2": false,
        "grid": 0,
        "tags": [
          "Vector (5)"
        ]
      },
      "attrs": [
        {
          "fill": "rgb(77, 90, 229)"
        }
      ],
      "properties": {
        "order": 43,
        "id": 0,
        "name": "Name",
        "prevSize": 32
      },
      "setIdx": 0,
      "setId": 12,
      "iconIdx": 1
    },
    {
      "icon": {
        "paths": [
          "M1024 103.131l-103.131-103.131-408.869 408.869-408.869-408.869-103.131 103.131 408.869 408.869-408.869 408.869 103.131 103.131 408.869-408.869 408.869 408.869 103.131-103.131-408.869-408.869 408.869-408.869z"
        ],
        "attrs": [
          {}
        ],
        "isMulticolor": false,
        "isMulticolor2": false,
        "grid": 0,
        "tags": [
          "close-black-18dp (2) 1"
        ]
      },
      "attrs": [
        {}
      ],
      "properties": {
        "order": 44,
        "id": 1,
        "name": "close",
        "prevSize": 32
      },
      "setIdx": 1,
      "setId": 11,
      "iconIdx": 0
    },
    {
      "icon": {
        "paths": [
          "M923.672 698.298l-144.793-16.531c-34.772-3.99-68.974 7.98-93.486 32.492l-104.887 104.885c-161.32-82.084-293.569-213.763-375.654-375.654l105.456-105.457c24.511-24.512 36.483-58.714 32.492-93.486l-16.531-143.65c-6.84-57.574-55.294-100.897-113.437-100.897h-98.616c-64.414 0-117.998 53.584-114.008 117.998 30.212 486.814 419.547 875.581 905.786 905.789 64.417 3.994 117.996-49.593 117.996-114.003v-98.619c0.575-57.573-42.748-106.027-100.32-112.868z"
        ],
        "attrs": [
          {}
        ],
        "isMulticolor": false,
        "isMulticolor2": false,
        "grid": 0,
        "tags": [
          "Vector (4)"
        ]
      },
      "attrs": [
        {}
      ],
      "properties": {
        "order": 47,
        "id": 1,
        "name": "Tel",
        "prevSize": 32
      },
      "setIdx": 2,
      "setId": 10,
      "iconIdx": 0
    },
    {
      "icon": {
        "paths": [
          "M512 512c94.293 0 170.667-76.373 170.667-170.667s-76.373-170.667-170.667-170.667c-94.293 0-170.667 76.373-170.667 170.667s76.373 170.667 170.667 170.667zM512 597.333c-113.92 0-341.333 57.173-341.333 170.667v42.667c0 23.467 19.2 42.667 42.667 42.667h597.333c23.467 0 42.667-19.2 42.667-42.667v-42.667c0-113.493-227.413-170.667-341.333-170.667z"
        ],
        "attrs": [
          {
            "fill": "rgb(77, 90, 229)"
          }
        ],
        "isMulticolor": false,
        "isMulticolor2": false,
        "grid": 0,
        "tags": [
          "person-black-18dp 1"
        ]
      },
      "attrs": [
        {
          "fill": "rgb(77, 90, 229)"
        }
      ],
      "properties": {
        "order": 38,
        "id": 0,
        "name": "person-black-18dp-1",
        "prevSize": 32
      },
      "setIdx": 3,
      "setId": 9,
      "iconIdx": 0
    },
    {
      "icon": {
        "paths": [
          "M1228.8 0l-1228.8 576 392.701 121.201 605.699-473.201-460.713 517.955 0.374 0.118-0.461-0.118v282.045l220.227-214.103 278.979 86.103 191.995-896z"
        ],
        "attrs": [
          {
            "fill": "rgb(255, 255, 255)"
          }
        ],
        "width": 1229,
        "isMulticolor": false,
        "isMulticolor2": false,
        "grid": 0,
        "tags": [
          "icon send"
        ]
      },
      "attrs": [
        {
          "fill": "rgb(255, 255, 255)"
        }
      ],
      "properties": {
        "order": 37,
        "id": 1,
        "name": "icon-send",
        "prevSize": 32
      },
      "setIdx": 4,
      "setId": 8,
      "iconIdx": 0
    },
    {
      "icon": {
        "paths": [
          "M1228.8 0l-1228.8 576 392.701 121.201 605.699-473.201-460.713 517.955 0.374 0.118-0.461-0.118v282.045l220.227-214.103 278.979 86.103 191.995-896z"
        ],
        "attrs": [
          {
            "fill": "rgb(255, 255, 255)"
          }
        ],
        "width": 1229,
        "isMulticolor": false,
        "isMulticolor2": false,
        "grid": 0,
        "tags": [
          "icon send"
        ]
      },
      "attrs": [
        {
          "fill": "rgb(255, 255, 255)"
        }
      ],
      "properties": {
        "order": 33,
        "id": 0,
        "name": "icon-send1",
        "prevSize": 32
      },
      "setIdx": 4,
      "setId": 8,
      "iconIdx": 1
    },
    {
      "icon": {
        "paths": [
          "M640 256h-512c-35.2 0-63.68 28.8-63.68 64l-0.32 384c0 35.2 28.8 64 64 64h512c35.2 0 64-28.8 64-64v-384c0-35.2-28.8-64-64-64zM627.2 392l-226.24 141.44c-10.24 6.4-23.68 6.4-33.92 0l-226.24-141.44c-8-5.12-12.8-13.76-12.8-23.040 0-21.44 23.36-34.24 41.6-23.040l214.4 134.080 214.4-134.080c18.24-11.2 41.6 1.6 41.6 23.040 0 9.28-4.8 17.92-12.8 23.040z"
        ],
        "attrs": [
          {}
        ],
        "width": 768,
        "isMulticolor": false,
        "isMulticolor2": false,
        "grid": 0,
        "tags": [
          "email-black-18dp 1"
        ],
        "colorPermutations": {
          "123123325212442442531464766177902291": [
            {}
          ]
        }
      },
      "attrs": [
        {}
      ],
      "properties": {
        "order": 35,
        "id": 13,
        "name": "email-black-18dp-1",
        "prevSize": 32
      },
      "setIdx": 6,
      "setId": 6,
      "iconIdx": 0
    },
    {
      "icon": {
        "paths": [
          "M1023.748 1024v-0.043h0.256v-375.552c0-183.723-39.552-325.249-254.336-325.249-103.258 0-172.548 56.661-200.836 110.38h-2.987v-93.228h-203.646v683.649h212.052v-338.517c0-89.131 16.896-175.317 127.275-175.317 108.762 0 110.383 101.717 110.383 181.035v332.843h211.84z",
          "M16.897 340.354h212.309v683.646h-212.309v-683.646z",
          "M122.967 0c-67.883 0-122.965 55.083-122.965 122.965s55.083 124.117 122.965 124.117c67.883 0 122.965-56.235 122.965-124.117-0.043-67.883-55.125-122.965-122.965-122.965v0z"
        ],
        "attrs": [
          {
            "fill": "rgb(244, 244, 253)"
          },
          {
            "fill": "rgb(244, 244, 253)"
          },
          {
            "fill": "rgb(244, 244, 253)"
          }
        ],
        "isMulticolor": false,
        "isMulticolor2": false,
        "grid": 0,
        "tags": [
          "linkedin 1 (1)"
        ],
        "colorPermutations": {
          "123123325212442442531464766177902291": [
            {
              "f": 4
            },
            {
              "f": 4
            },
            {
              "f": 4
            }
          ]
        }
      },
      "attrs": [
        {
          "fill": "rgb(244, 244, 253)"
        },
        {
          "fill": "rgb(244, 244, 253)"
        },
        {
          "fill": "rgb(244, 244, 253)"
        }
      ],
      "properties": {
        "order": 25,
        "id": 11,
        "name": "linkedin",
        "prevSize": 32
      },
      "setIdx": 6,
      "setId": 6,
      "iconIdx": 2
    },
    {
      "icon": {
        "paths": [
          "M682.539 170.027h93.483v-162.816c-16.128-2.219-71.595-7.211-136.192-7.211-134.784 0-227.116 84.779-227.116 240.597v143.403h-148.736v182.016h148.736v457.984h182.358v-457.941h142.72l22.656-182.016h-165.419v-125.397c0.043-52.608 14.208-88.619 87.509-88.619z"
        ],
        "attrs": [
          {
            "fill": "rgb(244, 244, 253)"
          }
        ],
        "isMulticolor": false,
        "isMulticolor2": false,
        "grid": 0,
        "tags": [
          "facebook 1"
        ],
        "colorPermutations": {
          "123123325212442442531464766177902291": [
            {
              "f": 4
            }
          ]
        }
      },
      "attrs": [
        {
          "fill": "rgb(244, 244, 253)"
        }
      ],
      "properties": {
        "order": 26,
        "id": 10,
        "name": "facebook",
        "prevSize": 32
      },
      "setIdx": 6,
      "setId": 6,
      "iconIdx": 3
    },
    {
      "icon": {
        "paths": [
          "M1024 194.496c-38.080 16.704-78.656 27.776-120.96 33.152 43.52-25.984 76.736-66.816 92.352-116.032-40.576 24.192-85.376 41.28-133.12 50.816-38.528-41.024-93.44-66.432-153.344-66.432-116.224 0-209.792 94.336-209.792 209.984 0 16.64 1.408 32.64 4.864 47.872-174.528-8.512-328.96-92.16-432.704-219.584-18.112 31.424-28.736 67.392-28.736 106.112 0 72.704 37.44 137.152 93.248 174.464-33.728-0.64-66.816-10.432-94.848-25.856 0 0.64 0 1.472 0 2.304 0 102.016 72.768 186.752 168.192 206.272-17.088 4.672-35.712 6.912-55.040 6.912-13.44 0-27.008-0.768-39.744-3.584 27.2 83.136 104.384 144.256 196.16 146.24-71.424 55.872-162.112 89.536-260.288 89.536-17.216 0-33.728-0.768-50.24-2.88 92.992 59.968 203.2 94.208 322.048 94.208 386.304 0 597.504-320 597.504-597.376 0-9.28-0.32-18.24-0.768-27.136 41.664-29.568 76.672-66.496 105.216-108.992z"
        ],
        "attrs": [
          {
            "fill": "rgb(244, 244, 253)"
          }
        ],
        "isMulticolor": false,
        "isMulticolor2": false,
        "grid": 0,
        "tags": [
          "twitter 1"
        ],
        "colorPermutations": {
          "123123325212442442531464766177902291": [
            {
              "f": 4
            }
          ]
        }
      },
      "attrs": [
        {
          "fill": "rgb(244, 244, 253)"
        }
      ],
      "properties": {
        "order": 27,
        "id": 9,
        "name": "twitter",
        "prevSize": 32
      },
      "setIdx": 6,
      "setId": 6,
      "iconIdx": 4
    },
    {
      "icon": {
        "paths": [
          "M1022.997 301.059c-2.398-54.409-11.196-91.815-23.799-124.227-13.005-34.405-33.007-65.208-59.217-90.815-25.604-26.005-56.61-46.212-90.62-59.012-32.597-12.604-69.807-21.403-124.22-23.802-54.814-2.602-72.213-3.204-211.243-3.204-139.027 0-156.428 0.602-211.041 3.001-54.409 2.399-91.814 11.205-124.219 23.802-34.413 13.003-65.216 33.006-90.822 59.215-26.005 25.606-46.204 56.613-59.011 90.619-12.604 32.608-21.403 69.81-23.802 124.219-2.602 54.816-3.204 72.218-3.204 211.243 0 139.029 0.602 156.429 3.001 211.042 2.399 54.409 11.205 91.814 23.809 124.228 13.003 34.406 33.202 65.207 59.207 90.816 25.607 26.005 56.613 46.212 90.619 59.012 32.608 12.604 69.81 21.402 124.227 23.799 54.604 2.406 72.014 2.999 211.040 2.999 139.029 0 156.429-0.593 211.042-2.999 54.409-2.398 91.814-11.196 124.22-23.799 68.817-26.607 123.226-81.020 149.833-149.828 12.599-32.606 21.406-69.82 23.804-124.228 2.398-54.613 2.999-72.013 2.999-211.042 0-139.025-0.205-156.427-2.603-211.039zM930.786 719.142c-2.206 50.010-10.607 77.013-17.604 95.019-17.207 44.608-52.612 80.013-97.225 97.22-18.001 7.002-45.205 15.403-95.019 17.596-54.012 2.406-70.208 3.004-206.835 3.004-136.629 0-153.031-0.597-206.846-3.004-50.010-2.193-77.015-10.594-95.018-17.596-22.2-8.205-42.407-21.21-58.808-38.212-17.004-16.602-30.006-36.608-38.211-58.807-7.002-18.001-15.401-45.21-17.597-95.019-2.406-54.012-3-70.217-3-206.844 0-136.629 0.594-153.030 3-206.838 2.196-50.010 10.596-77.015 17.597-95.019 8.205-22.208 21.207-42.407 38.414-58.816 16.597-17.003 36.601-30.006 58.808-38.202 18.004-7.002 45.212-15.401 95.018-17.605 54.011-2.399 70.217-3.001 206.835-3.001 136.832 0 153.033 0.602 206.848 3.001 50.010 2.204 77.013 10.604 95.019 17.605 22.199 8.197 42.406 21.199 58.807 38.202 17.003 16.605 30.007 36.609 38.212 58.816 6.997 18.004 15.398 45.204 17.604 95.019 2.398 54.010 2.999 70.209 2.999 206.838 0 136.627-0.602 152.631-2.999 206.643z",
          "M513.899 249.041c-145.222 0-263.050 117.82-263.050 263.052 0 145.229 117.828 263.049 263.050 263.049 145.233 0 263.053-117.82 263.053-263.049 0-145.232-117.82-263.052-263.053-263.052zM513.899 682.726c-94.212 0-170.633-76.412-170.633-170.633 0-94.223 76.421-170.636 170.633-170.636 94.225 0 170.637 76.413 170.637 170.636 0 94.221-76.412 170.633-170.637 170.633z",
          "M848.768 238.65c0 33.913-27.494 61.411-61.419 61.411-33.911 0-61.41-27.497-61.41-61.411 0-33.92 27.499-61.411 61.41-61.411 33.924 0 61.419 27.49 61.419 61.411z"
        ],
        "attrs": [
          {
            "fill": "rgb(244, 244, 253)"
          },
          {
            "fill": "rgb(244, 244, 253)"
          },
          {
            "fill": "rgb(244, 244, 253)"
          }
        ],
        "isMulticolor": false,
        "isMulticolor2": false,
        "grid": 0,
        "tags": [
          "instagram 2"
        ],
        "colorPermutations": {
          "123123325212442442531464766177902291": [
            {
              "f": 4
            },
            {
              "f": 4
            },
            {
              "f": 4
            }
          ]
        }
      },
      "attrs": [
        {
          "fill": "rgb(244, 244, 253)"
        },
        {
          "fill": "rgb(244, 244, 253)"
        },
        {
          "fill": "rgb(244, 244, 253)"
        }
      ],
      "properties": {
        "order": 28,
        "id": 8,
        "name": "instagram",
        "prevSize": 32
      },
      "setIdx": 6,
      "setId": 6,
      "iconIdx": 5
    },
    {
      "icon": {
        "paths": [
          "M1024 511.997c0 141.386-57.308 269.386-149.962 362.040s-220.654 149.96-362.038 149.96c-141.384 0-269.385-57.306-362.039-149.96s-149.961-220.654-149.961-362.040c0-141.384 57.308-269.384 149.961-362.038s220.655-149.961 362.039-149.961c141.384 0 269.384 57.308 362.038 149.961s149.962 220.654 149.962 362.038z",
          "M716.398 427.622c-0.96-21.765-4.48-36.726-9.521-49.692-5.202-13.763-13.202-26.081-23.685-36.324-10.243-10.404-22.646-18.486-36.247-23.606-13.041-5.041-27.924-8.561-49.69-9.521-21.926-1.042-28.887-1.283-84.498-1.283s-62.572 0.241-84.416 1.201c-21.763 0.96-36.726 4.483-49.687 9.521-13.765 5.202-26.086 13.202-36.329 23.688-10.401 10.243-18.483 22.643-23.606 36.247-5.041 13.043-8.561 27.924-9.521 49.687-1.039 21.926-1.28 28.887-1.28 84.498s0.241 62.572 1.201 84.416c0.957 21.765 4.48 36.726 9.523 49.692 5.199 13.763 13.281 26.084 23.683 36.326 10.243 10.401 22.646 18.483 36.247 23.603 13.043 5.041 27.924 8.561 49.692 9.521 21.842 0.963 28.805 1.201 84.416 1.201s62.572-0.238 84.416-1.201c21.763-0.96 36.726-4.48 49.687-9.521 27.528-10.642 49.29-32.407 59.935-59.93 5.038-13.043 8.561-27.927 9.521-49.692 0.96-21.844 1.201-28.805 1.201-84.416s-0.082-62.572-1.042-84.416zM679.514 594.854c-0.883 20.004-4.242 30.807-7.043 38.008-6.884 17.843-21.046 32.005-38.889 38.889-7.201 2.801-18.081 6.159-38.008 7.037-21.604 0.963-28.083 1.201-82.734 1.201s-61.212-0.238-82.737-1.201c-20.004-0.878-30.807-4.237-38.008-7.037-8.881-3.282-16.963-8.484-23.524-15.286-6.802-6.641-12.001-14.643-15.283-23.524-2.801-7.201-6.162-18.084-7.040-38.006-0.963-21.604-1.201-28.088-1.201-82.739s0.238-61.212 1.201-82.734c0.878-20.004 4.239-30.807 7.040-38.008 3.282-8.883 8.481-16.963 15.365-23.526 6.638-6.799 14.641-12.001 23.524-15.281 7.201-2.801 18.084-6.159 38.006-7.043 21.604-0.96 28.088-1.201 82.737-1.201 54.73 0 61.21 0.241 82.737 1.201 20.004 0.883 30.807 4.242 38.008 7.043 8.878 3.279 16.963 8.481 23.524 15.281 6.799 6.643 12.001 14.643 15.283 23.526 2.801 7.201 6.159 18.081 7.043 38.008 0.96 21.604 1.201 28.083 1.201 82.734s-0.241 61.053-1.201 82.657z",
          "M512.76 406.817c-58.089 0-105.221 47.127-105.221 105.221 0 58.092 47.132 105.221 105.221 105.221 58.092 0 105.219-47.13 105.219-105.221 0-58.094-47.127-105.221-105.219-105.221zM512.76 580.291c-37.686 0-68.255-30.564-68.255-68.252s30.569-68.255 68.255-68.255c37.688 0 68.252 30.566 68.252 68.255s-30.564 68.252-68.252 68.252z",
          "M646.707 402.657c0 13.565-10.998 24.566-24.566 24.566-13.565 0-24.566-11-24.566-24.566 0-13.568 11-24.563 24.566-24.563 13.568 0 24.566 10.995 24.566 24.563z"
        ],
        "attrs": [
          {
            "fill": "rgb(77, 90, 229)"
          },
          {
            "fill": "rgb(244, 244, 253)"
          },
          {
            "fill": "rgb(244, 244, 253)"
          },
          {
            "fill": "rgb(244, 244, 253)"
          }
        ],
        "isMulticolor": true,
        "isMulticolor2": false,
        "grid": 0,
        "tags": [
          "Ellipse (1)"
        ],
        "colorPermutations": {
          "123123325212442442531464766177902291": [
            {
              "f": 2
            },
            {
              "f": 4
            },
            {
              "f": 4
            },
            {
              "f": 4
            }
          ]
        }
      },
      "attrs": [
        {
          "fill": "rgb(77, 90, 229)"
        },
        {
          "fill": "rgb(244, 244, 253)"
        },
        {
          "fill": "rgb(244, 244, 253)"
        },
        {
          "fill": "rgb(244, 244, 253)"
        }
      ],
      "properties": {
        "order": 32,
        "id": 1,
        "name": "Ellipse",
        "prevSize": 32
      },
      "setIdx": 6,
      "setId": 6,
      "iconIdx": 12
    },
    {
      "icon": {
        "paths": [
          "M1001.493 489.64c-0.054-270.475-219.368-489.695-489.853-489.64-270.475 0.055-489.695 219.374-489.64 489.851 0.047 213.054 137.82 401.634 340.781 466.438 1.938 0.61 3.954 0.922 5.978 0.914 3.859-0.008 7.64-1.038 10.96-3 4.32-2.555 7.547-6.618 9.062-11.406l123.68-392c33.813-0.171 61.078-27.726 60.899-61.531-0.173-33.813-27.72-61.078-61.531-60.906-9.094 0.038-18.070 2.133-26.243 6.125l-163.39-163.414c-8.109-7.829-21.024-7.602-28.851 0.499-7.642 7.915-7.642 20.446 0 28.36l163.304 163.493c-12.531 25.578-5.366 56.453 17.165 73.89l-117.845 373.531c-232.89-85.789-352.14-344.125-266.351-577.014 85.789-232.891 344.125-352.141 577.016-266.352 232.89 85.789 352.139 344.133 266.35 577.016-41.914 113.781-128.030 205.797-238.789 255.147l-12.734-59.976c-2.328-11.024-13.163-18.070-24.187-15.734-3.477 0.742-6.704 2.376-9.36 4.742l-122.781 109.618c-8.422 7.491-9.171 20.39-1.672 28.813 2.438 2.734 5.563 4.765 9.062 5.882l156.758 50.032c10.726 3.445 22.219-2.453 25.664-13.187 1.093-3.39 1.274-7 0.539-10.485l-12.515-58.851c181.258-76.414 298.944-254.149 298.523-450.853zM511.75 469.235c11.266 0 20.406 9.139 20.406 20.405 0 11.274-9.141 20.406-20.406 20.406-11.274 0-20.406-9.133-20.406-20.406 0-11.266 9.133-20.405 20.406-20.405zM578.962 944.883l69.89-62.344 19.29 90.891-89.179-28.547z",
          "M491.344 101.922v40.812c0 11.273 9.133 20.406 20.406 20.406 11.266 0 20.406-9.133 20.406-20.406v-40.812c0-11.266-9.141-20.406-20.406-20.406-11.274 0-20.406 9.141-20.406 20.406z",
          "M124.031 469.234c-11.273 0-20.406 9.141-20.406 20.406 0 11.274 9.133 20.406 20.406 20.406h40.812c11.274 0 20.406-9.133 20.406-20.406 0-11.266-9.133-20.406-20.406-20.406h-40.812z",
          "M899.459 510.046c11.274 0 20.406-9.133 20.406-20.406 0-11.266-9.133-20.406-20.406-20.406h-40.811c-11.266 0-20.406 9.141-20.406 20.406 0 11.274 9.141 20.406 20.406 20.406h40.811z"
        ],
        "attrs": [
          {
            "fill": "rgb(46, 47, 66)"
          },
          {
            "fill": "rgb(77, 90, 229)"
          },
          {
            "fill": "rgb(77, 90, 229)"
          },
          {
            "fill": "rgb(77, 90, 229)"
          }
        ],
        "isMulticolor": true,
        "isMulticolor2": false,
        "grid": 0,
        "tags": [
          "clock 1"
        ],
        "colorPermutations": {
          "464766177902291": [
            {
              "f": 0
            },
            {
              "f": 1
            },
            {
              "f": 1
            },
            {
              "f": 1
            }
          ]
        }
      },
      "attrs": [
        {
          "fill": "rgb(46, 47, 66)"
        },
        {
          "fill": "rgb(77, 90, 229)"
        },
        {
          "fill": "rgb(77, 90, 229)"
        },
        {
          "fill": "rgb(77, 90, 229)"
        }
      ],
      "properties": {
        "order": 23,
        "id": 3,
        "name": "clock",
        "prevSize": 32,
        "code": 59652,
        "codes": [
          59652,
          59653,
          59654,
          59655
        ]
      },
      "setIdx": 7,
      "setId": 5,
      "iconIdx": 0
    },
    {
      "icon": {
        "paths": [
          "M984.741 707.123l-270.182-272.162 29.986-147.696c7.738 3.021 15.965 4.6 24.269 4.659h0.205c38.154 0.451 69.446-30.112 69.899-68.264s-30.112-69.446-68.264-69.899c-38.154-0.45-69.446 30.112-69.899 68.265-0.096 8.163 1.254 16.278 3.992 23.971l-158.72 19.371-258.902-260.25c-3.176-3.241-7.512-5.084-12.050-5.12-4.48 0.023-8.77 1.807-11.946 4.966l-48.402 48.128c-6.662 6.664-6.662 17.468 0 24.132l26.043 26.419c-100.897 185.533-68.125 415.29 80.624 565.213 1.365 1.306 2.947 2.362 4.675 3.123-1.075 5.776-1.635 11.635-1.672 17.51v197.974h-204.8c-47.104 0.054-85.278 38.229-85.333 85.333v34.133c0 9.426 7.642 17.067 17.067 17.067h785.066c9.426 0 17.067-7.642 17.067-17.067v-34.133c-0.056-47.104-38.229-85.278-85.333-85.333h-204.8v-87.741c32.083 6.73 64.771 10.16 97.552 10.24 78.661-0.085 156.069-19.694 225.28-57.070l26.181 26.334c3.176 3.24 7.512 5.083 12.050 5.12 4.48-0.024 8.77-1.808 11.946-4.966l48.402-48.128c6.662-6.666 6.662-17.469 0-24.133zM744.954 199.458c13.366-13.294 34.979-13.235 48.272 0.131 13.294 13.365 13.235 34.978-0.131 48.27-6.397 6.363-15.054 9.934-24.078 9.933h-0.102c-18.85-0.098-34.054-15.458-33.957-34.31 0.048-9.024 3.666-17.659 10.064-24.024h-0.067zM704.779 311.603l-19.149 94.259-37.616-37.837 56.765-56.422zM685.392 282.744l-61.44 61.082-47.531-47.787 108.971-13.294zM768.131 921.6c28.277 0 51.2 22.923 51.2 51.2v17.067h-750.934v-17.067c0-28.277 22.923-51.2 51.2-51.2h648.534zM529.197 853.333v34.134h-170.667v-34.134h170.667zM358.53 819.2v-129.707c0-41.403 38.282-75.093 85.334-75.093s85.333 33.69 85.333 75.093v129.707h-170.667zM563.331 764.928v-75.435c0-60.227-53.59-109.226-119.467-109.226-42.595-0.653-82.424 21.027-104.995 57.155-129.846-136.762-159.086-340.646-72.915-508.388l595.259 598.671c-91.917 46.758-197.285 59.923-297.882 37.222zM924.581 743.048l-673.827-677.785 24.15-24.064 253.917 255.352c0.12 0 0.189 0.222 0.309 0.307l419.669 422.126-24.218 24.064z",
          "M444.018 648.533h-0.154c-28.277-0.043-51.234 22.846-51.277 51.123s22.846 51.234 51.123 51.277h0.154c28.277 0.043 51.234-22.846 51.277-51.123 0.042-28.277-22.846-51.234-51.123-51.277zM455.965 711.834c-3.213 3.195-7.568 4.982-12.101 4.966-9.426-0.050-17.026-7.73-16.978-17.155 0.024-4.512 1.834-8.829 5.030-12.013 3.178-3.158 7.467-4.942 11.947-4.966 9.426 0.050 17.026 7.73 16.978 17.155-0.024 4.512-1.834 8.829-5.030 12.013h0.154z"
        ],
        "attrs": [
          {
            "fill": "rgb(46, 47, 66)"
          },
          {
            "fill": "rgb(77, 90, 229)"
          }
        ],
        "isMulticolor": true,
        "isMulticolor2": false,
        "grid": 0,
        "tags": [
          "antenna 1"
        ],
        "colorPermutations": {
          "464766177902291": [
            {
              "f": 0
            },
            {
              "f": 1
            }
          ]
        }
      },
      "attrs": [
        {
          "fill": "rgb(46, 47, 66)"
        },
        {
          "fill": "rgb(77, 90, 229)"
        }
      ],
      "properties": {
        "order": 22,
        "id": 2,
        "name": "antenna",
        "prevSize": 32,
        "code": 59656,
        "codes": [
          59656,
          59657
        ]
      },
      "setIdx": 7,
      "setId": 5,
      "iconIdx": 1
    },
    {
      "icon": {
        "paths": [
          "M1023.17 144.77c-2.014-6.162-7.338-10.666-13.773-11.606l-61.133-8.892-27.358-55.399c-5.733-11.674-24.866-11.674-30.6 0l-27.358 55.399-61.134 8.894c-6.434 0.938-11.758 5.428-13.79 11.606-1.997 6.178-0.342 12.97 4.318 17.494l44.254 43.13-10.445 60.894c-1.091 6.4 1.536 12.869 6.776 16.693 5.309 3.858 12.237 4.334 17.989 1.296l54.683-28.758 54.683 28.758c2.491 1.314 5.24 1.962 7.954 1.962 3.531 0 7.066-1.091 10.035-3.259 5.256-3.822 7.885-10.293 6.776-16.693l-10.443-60.894 44.254-43.13c4.637-4.54 6.31-11.316 4.312-17.494zM944.357 187.232c-4.010 3.909-5.854 9.574-4.898 15.106l6.109 35.651-32.016-16.827c-2.491-1.315-5.222-1.963-7.954-1.963s-5.445 0.648-7.955 1.963l-32.018 16.827 6.11-35.651c0.955-5.531-0.888-11.179-4.899-15.106l-25.923-25.258 35.806-5.206c5.563-0.802 10.36-4.3 12.851-9.336l16.010-32.426 16.008 32.426c2.491 5.034 7.288 8.534 12.851 9.336l35.806 5.206-25.89 25.258z",
          "M836.27 656.71h-34.134v34.134h34.134v-34.134z",
          "M836.27 724.979h-34.134v34.134h34.134v-34.134z",
          "M870.405 690.845h-34.134v34.134h34.134v-34.134z",
          "M802.139 690.845h-34.134v34.134h34.134v-34.134z",
          "M716.803 844.448h-34.134v34.133h34.134v-34.133z",
          "M716.803 912.714h-34.134v34.136h34.134v-34.136z",
          "M750.938 878.581h-34.134v34.136h34.134v-34.136z",
          "M682.669 878.581h-34.134v34.136h34.134v-34.136z",
          "M512 776.181h-34.134v34.134h34.134v-34.134z",
          "M512 844.448h-34.134v34.133h34.134v-34.133z",
          "M546.134 810.312h-34.134v34.134h34.134v-34.134z",
          "M477.866 810.312h-34.134v34.134h34.134v-34.134z",
          "M187.728 195.902h-34.134v34.134h34.134v-34.134z",
          "M187.728 264.173h-34.134v34.134h34.134v-34.134z",
          "M221.861 230.038h-34.134v34.134h34.134v-34.134z",
          "M153.594 230.038h-34.134v34.134h34.134v-34.134z",
          "M790.872 453.102c-9.198-12.408-22.698-20.394-38.024-22.546-15.394-2.184-30.584 1.859-42.874 11.264l-40.074 30.72-60.725 45.347-43.453-17.306c77.483-34.765 131.638-112.266 131.638-202.243 0-122.336-99.928-221.87-222.758-221.87s-222.755 99.534-222.755 221.87c0 44.341 13.261 85.573 35.84 120.269l-88.442-0.768c-0.051 0-0.101 0-0.154 0-0.274 0-0.494 0.136-0.75 0.155-1.69 0.067-3.346 0.41-4.965 0.989-0.411 0.155-0.837 0.24-1.229 0.427-0.203 0.085-0.41 0.101-0.614 0.203l-103.459 51.082c-0.018 0-0.034 0-0.034 0.016l-60.589 29.136c-0.666 0.29-1.348 0.682-2.014 1.126-24.15 16.075-32.377 47.65-19.148 73.454 7.048 13.722 19.046 23.827 33.792 28.451 5.684 1.773 11.486 2.645 17.254 2.645 9.268 0 18.45-2.269 26.862-6.757l44.409-23.621 72.45-37.411 43.418-0.256-174.134 173.299c-0.016 0.018-0.034 0.018-0.052 0.034l-42.839 42.667c-10.12 10.070-15.684 23.432-15.684 37.685 0 14.234 5.564 27.63 15.684 37.718 10.394 10.342 24.064 15.53 37.735 15.53 13.688 0 27.34-5.187 37.769-15.53l42.053-41.883 55.707-41.592 28.826 28.706-56.373 56.133c-0.016 0.019-0.034 0.019-0.051 0.035l-42.839 42.666c-10.12 10.070-15.684 23.432-15.684 37.685 0 14.234 5.564 27.63 15.684 37.718 10.394 10.342 24.082 15.531 37.753 15.531s27.358-5.189 37.768-15.531l111.413-110.933c0.018-0.019 0.018-0.035 0.034-0.053l32.309-32-0.12-0.12c0.203-0.205 0.493-0.275 0.699-0.494l165.31-181.062 111.072 15.803c0.802 0.12 1.605 0.171 2.406 0.171 2.066 0 4.062-0.494 5.99-1.229 0.563-0.203 1.058-0.478 1.587-0.75 0.614-0.307 1.262-0.477 1.845-0.869l102.827-68.267c0.376-0.256 0.581-0.667 0.938-0.939 0.411-0.323 0.923-0.459 1.296-0.819l40.686-38.11c21.171-19.837 24.090-52.331 6.782-75.576zM68.173 568.645c-5.546 2.97-11.844 3.566-17.868 1.656-5.974-1.861-10.82-5.941-13.654-11.453-5.154-10.035-2.168-22.256 6.86-28.859l42.037-20.226 14.37 42.002-31.744 16.88zM180.082 510.158l-49.546 25.6-14.044-41.064 64.855-32.019-1.266 47.483zM663.262 298.304c0 29.389-7.014 57.107-19.166 81.904l-133.803-60.774c-1.402-18.347-10.923-34.406-25.226-44.41l46.85-155.53c76.085 24.202 131.346 95.183 131.346 178.81zM286.016 298.304c0-103.51 84.618-187.736 188.624-187.736 8.090 0 16.008 0.682 23.842 1.672l-45.824 152.119c-0.614-0.018-1.195-0.189-1.827-0.189-33.042 0-59.922 26.795-59.922 59.736 0 32.938 26.88 59.734 59.922 59.734 22.221 0 41.421-12.27 51.781-30.227l123.598 56.152c-34.39 46.285-89.43 76.477-151.573 76.477-104.003 0-188.621-84.226-188.621-187.738zM476.619 323.906c0 14.114-11.571 25.6-25.789 25.6-14.216 0-25.787-11.486-25.787-25.6 0-14.115 11.571-25.602 25.787-25.602 14.218 0 25.789 11.486 25.789 25.602zM78.875 804.68c-7.56 7.493-19.798 7.477-27.34 0.018-3.636-3.635-5.632-8.429-5.632-13.533 0-5.086 1.996-9.883 5.632-13.483l30.786-30.67 27.238 27.12-30.684 30.549zM181.718 924.15c-7.56 7.491-19.814 7.51-27.358 0.018-3.636-3.635-5.632-8.43-5.632-13.534 0-5.086 1.996-9.882 5.632-13.482l30.806-30.686 27.258 27.12-30.706 30.565zM293.133 813.147c-0.018 0.016-0.034 0.016-0.053 0.034l-56.474 56.32-27.258-27.12 56.424-56.166c0 0 0 0 0-0.016 0.018-0.018 0.034-0.018 0.051-0.034 1.28-1.28 2.082-2.816 2.869-4.334 0.221-0.445 0.648-0.821 0.835-1.28 0.53-1.314 0.614-2.73 0.821-4.115 0.101-0.786 0.443-1.517 0.443-2.322 0-1.144-0.41-2.251-0.648-3.379-0.203-1.024-0.203-2.067-0.598-3.054-0.648-1.605-1.757-3.021-2.917-4.405-0.325-0.376-0.445-0.853-0.803-1.211 0 0 0 0-0.018 0-0.018-0.016-0.018-0.053-0.034-0.069l-51.422-51.2c-0.547-0.546-1.246-0.768-1.861-1.229-0.904-0.699-1.774-1.347-2.782-1.843-0.971-0.478-1.962-0.768-2.986-1.042-1.091-0.309-2.15-0.547-3.294-0.632-1.042-0.069-2.014 0.034-3.054 0.154-1.144 0.136-2.218 0.29-3.328 0.648-1.075 0.342-2.029 0.87-3.019 1.434-0.632 0.358-1.349 0.478-1.946 0.922l-56.748 42.362-28.826-28.707 76.768-76.357 139.539 137.237-29.682 29.406zM511.334 588.613c-0.494-0.067-0.957 0.12-1.45 0.086-1.246-0.069-2.44 0.018-3.686 0.222-0.973 0.17-1.894 0.357-2.816 0.682-1.093 0.376-2.083 0.888-3.091 1.502-0.955 0.579-1.826 1.194-2.661 1.962-0.411 0.358-0.904 0.53-1.28 0.938l-150.346 164.662-138.498-136.211 90.659-90.182c6.674-6.656 6.709-17.459 0.053-24.15-3.363-3.362-7.782-5.018-12.203-5v-0.016l-70.998 0.427 0.888-51.44 99.33 0.854c40.483 41.405 96.939 67.227 159.405 67.227 13.994 0 27.648-1.45 40.942-3.926 1.28 1.024 2.542 2.067 4.147 2.715l77.11 30.72 4.88 24.269 5.699 28.33-96.085-13.67zM640.65 594.314l-10.018-49.853 46.285-34.562 30.294 40.21-66.562 44.205zM760.766 503.722l-26.813 25.123-29.798-39.562 26.606-20.394c4.966-3.822 11.23-5.376 17.374-4.574 6.178 0.87 11.64 4.096 15.36 9.096 6.93 9.336 5.752 22.358-2.73 30.31z",
          "M435.267 593.41l-68.576-68.267c-6.638-6.638-17.426-6.638-24.082 0l-68.557 68.267c-3.208 3.226-5.019 7.56-5.019 12.099 0 4.541 1.792 8.893 5.019 12.101l68.557 68.267c3.328 3.31 7.698 4.966 12.050 4.966s8.72-1.656 12.032-4.966l68.576-68.267c3.208-3.208 5.034-7.56 5.034-12.101 0-4.539-1.81-8.891-5.034-12.099zM354.659 649.696l-44.374-44.187 44.374-44.186 44.39 44.186-44.39 44.187z",
          "M549.256 162.264l-8.243 33.146c2.27 0.563 55.605 14.456 55.605 68.763h34.134c-0.002-64.549-53.301-94.894-81.496-101.909z",
          "M630.752 298.304h-34.134v34.136h34.134v-34.136z"
        ],
        "attrs": [
          {
            "fill": "rgb(77, 90, 229)"
          },
          {
            "fill": "rgb(77, 90, 229)"
          },
          {
            "fill": "rgb(77, 90, 229)"
          },
          {
            "fill": "rgb(77, 90, 229)"
          },
          {
            "fill": "rgb(77, 90, 229)"
          },
          {
            "fill": "rgb(77, 90, 229)"
          },
          {
            "fill": "rgb(77, 90, 229)"
          },
          {
            "fill": "rgb(77, 90, 229)"
          },
          {
            "fill": "rgb(77, 90, 229)"
          },
          {
            "fill": "rgb(77, 90, 229)"
          },
          {
            "fill": "rgb(77, 90, 229)"
          },
          {
            "fill": "rgb(77, 90, 229)"
          },
          {
            "fill": "rgb(77, 90, 229)"
          },
          {
            "fill": "rgb(77, 90, 229)"
          },
          {
            "fill": "rgb(77, 90, 229)"
          },
          {
            "fill": "rgb(77, 90, 229)"
          },
          {
            "fill": "rgb(77, 90, 229)"
          },
          {
            "fill": "rgb(46, 47, 66)"
          },
          {
            "fill": "rgb(46, 47, 66)"
          },
          {
            "fill": "rgb(46, 47, 66)"
          },
          {
            "fill": "rgb(46, 47, 66)"
          }
        ],
        "isMulticolor": true,
        "isMulticolor2": false,
        "grid": 0,
        "tags": [
          "astronaut 1"
        ],
        "colorPermutations": {
          "464766177902291": [
            {
              "f": 1
            },
            {
              "f": 1
            },
            {
              "f": 1
            },
            {
              "f": 1
            },
            {
              "f": 1
            },
            {
              "f": 1
            },
            {
              "f": 1
            },
            {
              "f": 1
            },
            {
              "f": 1
            },
            {
              "f": 1
            },
            {
              "f": 1
            },
            {
              "f": 1
            },
            {
              "f": 1
            },
            {
              "f": 1
            },
            {
              "f": 1
            },
            {
              "f": 1
            },
            {
              "f": 1
            },
            {
              "f": 0
            },
            {
              "f": 0
            },
            {
              "f": 0
            },
            {
              "f": 0
            }
          ]
        }
      },
      "attrs": [
        {
          "fill": "rgb(77, 90, 229)"
        },
        {
          "fill": "rgb(77, 90, 229)"
        },
        {
          "fill": "rgb(77, 90, 229)"
        },
        {
          "fill": "rgb(77, 90, 229)"
        },
        {
          "fill": "rgb(77, 90, 229)"
        },
        {
          "fill": "rgb(77, 90, 229)"
        },
        {
          "fill": "rgb(77, 90, 229)"
        },
        {
          "fill": "rgb(77, 90, 229)"
        },
        {
          "fill": "rgb(77, 90, 229)"
        },
        {
          "fill": "rgb(77, 90, 229)"
        },
        {
          "fill": "rgb(77, 90, 229)"
        },
        {
          "fill": "rgb(77, 90, 229)"
        },
        {
          "fill": "rgb(77, 90, 229)"
        },
        {
          "fill": "rgb(77, 90, 229)"
        },
        {
          "fill": "rgb(77, 90, 229)"
        },
        {
          "fill": "rgb(77, 90, 229)"
        },
        {
          "fill": "rgb(77, 90, 229)"
        },
        {
          "fill": "rgb(46, 47, 66)"
        },
        {
          "fill": "rgb(46, 47, 66)"
        },
        {
          "fill": "rgb(46, 47, 66)"
        },
        {
          "fill": "rgb(46, 47, 66)"
        }
      ],
      "properties": {
        "order": 21,
        "id": 1,
        "name": "astronaut",
        "prevSize": 32,
        "code": 59658,
        "codes": [
          59658,
          59659,
          59660,
          59661,
          59662,
          59663,
          59664,
          59665,
          59666,
          59667,
          59668,
          59669,
          59670,
          59671,
          59672,
          59673,
          59674,
          59675,
          59676,
          59677,
          59678
        ]
      },
      "setIdx": 7,
      "setId": 5,
      "iconIdx": 2
    },
    {
      "icon": {
        "paths": [
          "M477.616 478.867h34.117v153.52h-34.117v-153.52z",
          "M614.078 547.098h34.115v85.29h-34.115v-85.29z",
          "M341.155 598.272h34.115v34.115h-34.115v-34.115z",
          "M238.808 581.213h34.115v51.173h-34.115v-51.173z",
          "M51.173 905.31h818.771c28.261 0 51.174-22.912 51.174-51.173v-68.23c0-28.261-22.914-51.173-51.174-51.173h-17.058v-425.386l96.891-91.786c22.488 11.085 49.707 4.355 64.424-15.958 14.726-20.306 12.661-48.267-4.88-66.191s-45.443-20.598-66.074-6.33c-20.622 14.276-27.952 41.337-17.358 64.066l-73.003 69.206v-39.355c0-28.261-22.912-51.173-51.173-51.173h-682.309c-28.26 0-51.173 22.912-51.173 51.173v511.733h-17.058c-28.26 0-51.173 22.912-51.173 51.173v68.23c0 28.261 22.913 51.173 51.173 51.173zM972.291 154.771c9.419 0 17.058 7.637 17.058 17.058 0 9.419-7.638 17.058-17.058 17.058-9.421 0-17.058-7.638-17.058-17.058 0-9.421 7.637-17.058 17.058-17.058zM102.346 223.002c0-9.419 7.638-17.058 17.058-17.058h682.309c9.419 0 17.058 7.638 17.058 17.058v71.637l-34.115 32.418v-69.939c0-9.419-7.638-17.058-17.058-17.058h-614.079c-9.42 0-17.058 7.638-17.058 17.058v426.443c0 9.421 7.638 17.058 17.058 17.058h614.079c9.419 0 17.058-7.637 17.058-17.058v-309.579l34.115-32.325v393.078h-716.425v-511.733zM255.866 444.752c-23.078-0.066-43.344 15.309-49.482 37.555-6.139 22.246 3.365 45.843 23.213 57.621 19.84 11.776 45.118 8.819 61.701-7.23l59.294 29.752c6.888 3.448 15.242 1.832 20.363-3.923l126.043-141.802 123.901 92.843c6.646 4.981 15.926 4.448 21.955-1.258l107.686-102.005v260.197h-579.963v-392.328h579.963v85.131l-120.688 114.29-124.942-93.667c-7.096-5.314-17.083-4.315-22.979 2.307l-127.774 143.766-47.768-23.888c0.35-2.048 0.566-4.114 0.651-6.189 0-28.259-22.914-51.173-51.174-51.173zM272.923 495.925c0 9.421-7.637 17.059-17.058 17.059-9.419 0-17.058-7.638-17.058-17.059 0-9.419 7.638-17.058 17.058-17.058 9.421 0 17.058 7.638 17.058 17.058zM375.27 768.85h170.578v17.058c0 9.419-7.638 17.058-17.058 17.058h-136.462c-9.421 0-17.058-7.638-17.058-17.058v-17.058zM34.116 785.907c0-9.421 7.638-17.058 17.058-17.058h289.982v17.058c0 28.261 22.912 51.173 51.173 51.173h136.462c28.259 0 51.173-22.912 51.173-51.173v-17.058h289.981c9.421 0 17.058 7.637 17.058 17.058v68.23c0 9.421-7.637 17.058-17.058 17.058h-818.771c-9.42 0-17.058-7.637-17.058-17.058v-68.23z"
        ],
        "attrs": [
          {
            "fill": "rgb(77, 90, 229)"
          },
          {
            "fill": "rgb(77, 90, 229)"
          },
          {
            "fill": "rgb(77, 90, 229)"
          },
          {
            "fill": "rgb(77, 90, 229)"
          },
          {
            "fill": "rgb(46, 47, 66)"
          }
        ],
        "isMulticolor": true,
        "isMulticolor2": false,
        "grid": 0,
        "tags": [
          "diagram 1"
        ],
        "colorPermutations": {
          "464766177902291": [
            {
              "f": 1
            },
            {
              "f": 1
            },
            {
              "f": 1
            },
            {
              "f": 1
            },
            {
              "f": 0
            }
          ]
        }
      },
      "attrs": [
        {
          "fill": "rgb(77, 90, 229)"
        },
        {
          "fill": "rgb(77, 90, 229)"
        },
        {
          "fill": "rgb(77, 90, 229)"
        },
        {
          "fill": "rgb(77, 90, 229)"
        },
        {
          "fill": "rgb(46, 47, 66)"
        }
      ],
      "properties": {
        "order": 20,
        "id": 0,
        "name": "diagram",
        "prevSize": 32,
        "code": 59679,
        "codes": [
          59679,
          59680,
          59681,
          59682,
          59683
        ]
      },
      "setIdx": 7,
      "setId": 5,
      "iconIdx": 3
    },
    {
      "icon": {
        "paths": [
          "M128 32h768c53.019 0 96 42.981 96 96v768c0 53.019-42.981 96-96 96h-768c-53.019 0-96-42.981-96-96v-768c0-53.019 42.981-96 96-96z"
        ],
        "attrs": [
          {
            "fill": "none",
            "strokeLinejoin": "miter",
            "strokeLinecap": "butt",
            "strokeMiterlimit": "4",
            "strokeWidth": 64
          }
        ],
        "isMulticolor": false,
        "isMulticolor2": false,
        "grid": 0,
        "tags": [
          "Checkbox"
        ]
      },
      "attrs": [
        {
          "fill": "none",
          "strokeLinejoin": "miter",
          "strokeLinecap": "butt",
          "strokeMiterlimit": "4",
          "strokeWidth": 64
        }
      ],
      "properties": {
        "order": 40,
        "id": 2,
        "name": "Checkbox",
        "prevSize": 32
      },
      "setIdx": 8,
      "setId": 4,
      "iconIdx": 0
    }
  ],
  "height": 1024,
  "preferences": {
    "showGlyphs": true,
    "showQuickUse": true,
    "showQuickUse2": true,
    "showSVGs": true,
    "fontPref": {
      "prefix": "icon-",
      "metadata": {
        "fontFamily": "icomoon"
      },
      "metrics": {
        "emSize": 1024,
        "baseline": 6.25,
        "whitespace": 50
      },
      "embed": false
    },
    "imagePref": {
      "prefix": "icon-",
      "png": true,
      "useClassSelector": true,
      "color": 0,
      "bgColor": 16777215,
      "classSelector": ".icon",
      "name": "icomoon"
    },
    "historySize": 50,
    "showCodes": true,
    "gridSize": 16
  }
}